year,city,sales
2018,Henderson,364.80000
2018,Henderson,364.80000
2018,Henderson,364.80000
